{"cameraMode":{"drawMode":0,"name":"Shaded","section":"Shading Mode"},"sceneLighting":false,"audioPlay":false,"sceneViewState":{"m_AlwaysRefresh":false,"showFog":true,"showSkybox":false,"showFlares":true,"showImageEffects":true,"showParticleSystems":true,"showVisualEffectGraphs":true,"m_FxEnabled":true},"in2DMode":false,"pivot":{"x":-0.1096353530883789,"y":51.68151092529297,"z":0.5301790237426758},"rotation":{"x":-0.004416024778038263,"y":0.9619470238685608,"z":0.015575862489640713,"w":0.2727632522583008},"size":58.685997009277347,"orthographic":false}