{"cameraMode":{"drawMode":0,"name":"Shaded","section":"Shading Mode"},"sceneLighting":false,"audioPlay":false,"sceneViewState":{"m_AlwaysRefresh":false,"showFog":true,"showSkybox":false,"showFlares":true,"showImageEffects":true,"showParticleSystems":true,"showVisualEffectGraphs":true,"m_FxEnabled":true},"in2DMode":false,"pivot":{"x":11.229999542236329,"y":-3.4699997901916506,"z":-25.93000030517578},"rotation":{"x":0.03704366832971573,"y":-0.7874675989151001,"z":0.047545596957206729,"w":0.6134198307991028},"size":1.0862778425216675,"orthographic":false}