{"cameraMode":{"drawMode":0,"name":"Shaded","section":"Shading Mode"},"sceneLighting":false,"audioPlay":false,"sceneViewState":{"m_AlwaysRefresh":false,"showFog":true,"showSkybox":true,"showFlares":true,"showImageEffects":true,"showParticleSystems":true,"showVisualEffectGraphs":true,"m_FxEnabled":true},"in2DMode":false,"pivot":{"x":16.45022964477539,"y":1.313642144203186,"z":-1.2562520503997803},"rotation":{"x":-0.020361535251140596,"y":0.7270712852478027,"z":0.021603040397167207,"w":0.6859444379806519},"size":9.546550750732422,"orthographic":false}