{"cameraMode":{"drawMode":0,"name":"Shaded","section":"Shading Mode"},"sceneLighting":true,"audioPlay":false,"sceneViewState":{"m_AlwaysRefresh":false,"showFog":true,"showSkybox":true,"showFlares":true,"showImageEffects":true,"showParticleSystems":true,"showVisualEffectGraphs":true,"m_FxEnabled":true},"in2DMode":false,"pivot":{"x":-0.26510554552078249,"y":-2.7561028003692629,"z":-24.413545608520509},"rotation":{"x":-0.007630440406501293,"y":0.983810544013977,"z":-0.0431256927549839,"w":-0.17382824420928956},"size":0.5163677334785461,"orthographic":false}