{"cameraMode":{"drawMode":0,"name":"Shaded","section":"Shading Mode"},"sceneLighting":true,"audioPlay":false,"sceneViewState":{"m_AlwaysRefresh":false,"showFog":true,"showSkybox":true,"showFlares":true,"showImageEffects":true,"showParticleSystems":true,"showVisualEffectGraphs":true,"m_FxEnabled":true},"in2DMode":false,"pivot":{"x":1.0338464153229967e-18,"y":1.2172096967697144,"z":-0.024246692657470704},"rotation":{"x":0.00117475853767246,"y":-0.9984371662139893,"z":0.05127342417836189,"w":0.022757822647690774},"size":0.8660253882408142,"orthographic":false}